CustomerId,CreditScore,Geography,Gender,Age,Tenure,Balance,NumOfProducts,HasCrCard,IsActiveMember,EstimatedSalary,Exited
1000,452,France,Male,18,0,175176.62,3,1,0,73247.41,0
1001,785,Spain,Male,28,7,107818.91,2,1,1,25716.42,0
1002,698,France,Male,20,6,56494.49,1,1,1,87843.05,0
1003,620,Germany,Female,69,6,85045.64,3,0,1,77061.5,0
1004,456,Spain,Male,79,2,7514.22,1,0,1,157400.23,1
1005,421,France,Male,40,3,25573.36,2,1,0,51479.2,0
1006,538,Germany,Male,43,9,153109.35,2,1,0,174344.82,1
1007,370,Spain,Male,21,8,2.33,4,0,1,172883.48,0
1008,452,Spain,Female,35,5,83313.17,2,0,0,52097.38,1
1009,471,France,Female,72,4,104502.04,1,1,0,69168.83,0
1010,816,France,Female,23,2,10926.88,2,1,1,162244.48,1
1011,564,France,Male,52,8,194615.63,4,1,1,174325.78,0
1012,680,Germany,Male,39,4,45225.07,4,1,0,85384.65,0
1013,808,France,Female,60,4,60839.74,1,1,1,64569.5,0
1014,437,Spain,Male,32,3,60788.5,3,0,1,99435.98,1
1015,722,Spain,Male,39,3,46083.33,2,1,1,126920.77,0
1016,449,France,Female,77,0,294.76,4,0,0,56490.67,0
1017,709,France,Female,54,6,145868.96,2,0,1,135200.44,1
1018,501,Spain,Female,69,8,193369.1,2,0,0,18781.75,0
1019,480,Germany,Female,59,2,44858.7,3,1,0,18380.06,0
1020,499,France,Male,29,1,132609.44,4,0,0,75668.91,0
1021,658,France,Male,64,2,148379.27,2,0,1,70090.44,0
1022,607,Spain,Female,66,0,169685.08,4,0,1,63657.65,1
1023,693,France,Male,59,5,84525.84,1,0,1,93473.36,1
1024,841,Germany,Female,55,10,60586.18,1,1,1,64524.71,0
1025,763,Spain,Female,35,10,65059.03,2,1,1,42683.85,1
1026,643,France,Male,62,6,142524.27,4,0,0,62609.82,0
1027,735,Spain,Female,52,10,163355.89,2,0,0,175733.73,0
1028,541,France,Male,47,10,36322.79,4,1,0,79889.28,0
1029,793,France,Male,41,1,74188.2,4,1,1,85601.17,0
1030,626,France,Male,59,7,180388.04,3,1,0,108012.65,0
1031,510,Germany,Male,47,5,161338.7,3,0,0,177167.93,1
1032,809,Germany,Female,31,3,196971.68,3,1,1,51072.22,1
1033,663,Spain,Male,23,4,150849.65,2,0,1,125817.96,0
1034,371,France,Female,20,7,78639.04,3,0,0,131717.4,0
1035,602,France,Female,33,2,118127.57,3,1,0,113245.15,0
1036,585,Germany,Female,24,2,132202.85,1,0,1,25058.32,1
1037,694,France,Female,69,10,15691.16,4,1,1,125068.29,1
1038,398,Germany,Male,31,3,108899.39,4,0,1,20896.1,0
1039,824,France,Male,26,0,141864.17,3,1,1,111344.25,1
1040,408,Spain,Female,32,8,33464.26,4,0,0,135728.8,0
1041,519,France,Female,38,7,156126.34,1,0,0,45864.88,0
1042,825,France,Male,52,7,116754.56,1,1,1,153075.74,0
1043,537,Germany,Female,19,9,190444.36,3,1,0,15160.15,0
1044,813,France,Male,44,5,8484.46,1,1,0,153448.19,0
1045,620,France,Female,19,6,53065.23,4,1,1,88255.94,0
1046,539,Germany,Male,52,5,120310.78,2,0,0,46989.95,0
1047,795,Spain,Female,35,8,59311.98,4,1,0,32742.28,0
1048,524,Spain,Female,31,2,142884.83,2,1,0,172062.22,0
1049,795,Germany,Male,37,2,151801.06,3,0,1,22353.15,0
1050,400,Germany,Female,35,2,20503.19,2,1,1,43845.88,0
1051,713,Germany,Female,27,9,102770.89,1,1,0,69129.8,1
1052,404,Germany,Male,42,2,101778.11,4,0,1,115439.92,0
1053,593,Germany,Female,19,8,73856.15,2,1,1,102616.18,0
1054,669,Spain,Male,42,3,186584.97,4,1,1,31359.39,0
1055,480,Spain,Male,78,6,165501.26,3,1,0,59253.76,1
1056,834,Germany,Female,71,8,139441.88,3,1,0,50587.8,1
1057,656,France,Female,50,10,142865.33,1,1,1,46302.29,0
1058,484,Germany,Female,53,6,92343.23,3,1,0,79894.54,0
1059,370,France,Female,48,8,184198.9,2,0,0,129685.35,1
1060,678,Germany,Female,31,2,138919.09,3,1,0,46967.0,0
1061,516,Germany,Female,18,3,145796.21,1,0,0,72335.41,0
1062,623,Spain,Female,63,7,172338.18,4,0,0,76455.96,0
1063,737,France,Male,33,5,54814.32,4,0,1,175997.61,0
1064,438,France,Female,71,4,161414.18,3,0,0,172293.28,0
1065,665,Spain,Male,63,3,39048.12,2,1,0,146023.39,0
1066,363,Spain,Female,78,7,69068.39,1,1,0,51082.02,0
1067,591,Spain,Female,69,0,67122.09,2,1,1,21566.34,1
1068,614,Spain,Male,20,8,195705.09,1,0,1,63873.7,0
1069,695,France,Female,52,0,171307.44,3,1,1,55355.07,1
1070,402,France,Female,58,7,140233.97,1,1,0,96007.39,0
1071,735,Germany,Male,23,3,145411.35,1,1,1,142213.74,0
1072,689,Germany,Female,42,8,112414.56,3,0,1,155914.9,0
1073,441,Spain,Female,30,10,189418.13,2,0,1,153626.89,1
1074,716,Spain,Female,70,4,99251.75,3,1,1,71144.85,1
1075,793,Spain,Male,51,2,76103.54,1,0,0,126829.84,0
1076,804,Germany,Female,25,8,32607.07,3,0,1,63181.81,1
1077,777,Germany,Female,38,10,157241.13,1,1,1,20353.94,0
1078,613,Germany,Female,51,8,146888.79,3,0,0,129266.1,1
1079,780,Germany,Female,21,3,76871.01,4,0,0,11670.68,0
1080,384,Germany,Male,42,10,5038.68,4,1,1,79561.04,1
1081,555,Germany,Male,32,3,167799.47,3,0,0,65994.48,0
1082,430,Germany,Female,21,7,2283.6,2,0,1,127874.18,0
1083,769,Spain,Female,62,1,140739.96,1,0,0,140261.73,0
1084,399,Spain,Male,77,8,194051.42,4,0,0,61696.09,0
1085,709,Spain,Male,29,5,87532.27,2,0,1,147976.59,0
1086,737,Spain,Female,49,8,46994.68,1,0,0,59965.85,0
1087,351,Germany,Male,49,7,140974.2,4,0,1,85875.48,0
1088,739,France,Female,45,6,163425.63,4,0,0,133593.15,0
1089,403,Germany,Male,30,0,109286.06,3,1,1,127796.44,0
1090,455,France,Male,48,2,193407.06,1,1,0,177852.64,0
1091,609,Spain,Male,31,10,10333.74,2,1,0,48277.37,1
1092,659,Germany,Male,37,1,100959.12,2,1,0,122594.05,0
1093,826,Spain,Female,35,4,143690.79,2,0,0,113645.92,0
1094,540,Germany,Male,46,4,172528.09,1,1,0,165566.74,0
1095,751,Spain,Male,77,4,35851.12,2,1,1,36581.56,0
1096,567,France,Female,23,3,160000.7,2,0,0,137805.69,0
1097,393,France,Male,49,4,110541.42,2,0,1,106605.66,0
1098,511,France,Male,46,2,79310.74,3,0,1,56693.2,0
1099,551,Germany,Female,60,0,26343.01,3,0,1,90653.94,1
1100,795,France,Male,79,4,173059.15,1,0,0,66742.02,0
1101,833,Germany,Female,19,8,31454.64,1,1,1,108483.28,0
1102,619,France,Female,77,8,61957.57,2,0,0,161130.1,0
1103,700,France,Female,40,3,58009.11,3,1,1,106781.85,0
1104,653,Germany,Female,36,2,174282.81,4,1,1,117392.81,1
1105,620,Germany,Male,48,0,134540.6,4,0,1,98187.13,0
1106,805,France,Female,68,1,159336.28,2,1,1,18698.14,0
1107,811,Germany,Male,22,7,50093.58,2,1,1,49585.95,0
1108,564,France,Male,36,0,124974.82,3,0,0,93640.29,0
1109,601,Germany,Male,51,7,114349.2,3,1,1,62740.0,0
1110,539,Spain,Male,27,6,166566.08,3,1,1,40899.81,1
1111,645,Spain,Male,42,7,181217.41,1,1,0,95702.58,1
1112,562,Spain,Male,19,5,2431.35,1,0,0,64877.66,1
1113,557,Spain,Male,79,8,134803.98,2,0,0,53878.3,1
1114,586,Spain,Male,28,2,10367.16,1,0,1,88877.52,0
1115,687,France,Male,67,9,109771.73,3,1,1,32658.32,0
1116,716,Spain,Male,78,3,57526.55,3,0,1,167716.77,1
1117,402,Spain,Female,48,5,61355.32,1,1,1,157509.36,1
1118,629,Spain,Female,73,7,70591.7,4,0,1,130295.5,1
1119,759,Spain,Female,32,4,124258.49,2,1,1,28056.35,0
1120,566,Germany,Male,26,2,66809.99,4,0,0,141899.13,0
1121,601,France,Female,40,5,146539.81,2,0,0,147352.75,1
1122,537,Spain,Female,36,3,80905.48,4,1,1,140519.99,0
1123,729,Spain,Female,26,8,13670.64,1,0,1,29374.2,1
1124,842,Spain,Male,52,2,156751.97,2,1,1,119464.35,0
1125,390,France,Male,38,3,57151.66,2,0,1,151835.22,0
1126,506,Germany,Male,26,6,86553.38,2,0,1,108150.08,0
1127,364,France,Male,45,6,137088.78,3,1,0,119889.25,1
1128,650,Germany,Female,79,3,66491.23,3,1,0,87921.79,0
1129,414,Spain,Female,63,5,11317.13,4,1,1,99880.24,0
1130,694,Spain,Female,68,2,74784.21,1,0,0,15844.07,1
1131,676,France,Female,24,5,188889.72,3,1,1,118623.71,0
1132,358,France,Male,33,1,128346.88,2,0,1,23846.03,1
1133,693,Germany,Male,33,7,134295.83,3,1,1,83952.48,0
1134,478,Germany,Male,77,1,126456.43,1,1,0,59751.37,1
1135,841,France,Female,50,10,39798.43,3,1,0,102722.75,0
1136,485,Germany,Male,21,6,83666.77,2,1,1,32680.78,1
1137,821,France,Male,21,8,150187.96,4,1,0,127579.38,1
1138,412,Germany,Female,56,0,20274.58,2,1,0,145151.96,0
1139,488,France,Female,57,7,55570.56,1,0,1,37770.26,0
1140,848,France,Male,34,6,55263.82,4,1,0,27733.22,0
1141,430,France,Male,54,5,86403.79,3,0,0,34737.63,0
1142,741,Germany,Male,56,5,196073.75,3,1,1,159111.69,1
1143,512,Germany,Male,77,5,13500.51,3,1,1,99792.17,0
1144,768,Germany,Male,69,8,103740.2,4,1,0,89434.37,0
1145,638,France,Male,46,1,35872.94,2,0,1,28141.01,0
1146,728,Germany,Female,69,0,194135.31,4,0,0,120424.52,1
1147,610,Germany,Female,53,5,22660.7,4,1,1,157559.93,1
1148,839,France,Female,77,9,80720.2,1,0,1,150791.6,0
1149,580,Spain,Male,55,10,147577.0,4,1,1,116429.3,0
1150,390,France,Female,56,7,140910.89,3,1,1,22797.38,0
1151,377,Germany,Male,67,2,84545.73,2,0,0,29107.49,0
1152,484,France,Male,54,9,69304.83,2,0,1,18382.53,0
1153,550,Spain,Female,69,0,79522.48,2,0,1,53771.47,0
1154,677,France,Male,79,8,52855.25,3,0,1,33062.45,0
1155,617,Germany,Male,78,0,41066.59,3,1,0,54208.17,0
1156,767,Spain,Female,52,2,96607.94,3,0,0,75459.87,0
1157,382,Germany,Female,24,7,53706.75,3,0,1,170307.07,0
1158,397,Spain,Female,44,2,57492.33,3,1,1,113763.93,0
1159,756,Spain,Male,45,3,131351.21,4,0,1,151945.54,1
1160,411,France,Female,39,7,193707.47,3,0,1,130759.76,0
1161,565,France,Female,31,0,120727.44,3,0,1,29125.53,0
1162,642,Germany,Male,24,5,15395.89,3,0,1,135106.47,0
1163,448,France,Female,54,0,15116.72,3,1,0,56766.81,1
1164,521,France,Female,78,0,190284.64,2,1,1,118648.33,1
1165,709,Spain,Female,39,7,59458.16,3,0,1,67963.54,0
1166,563,France,Male,22,10,18413.4,4,0,1,179604.28,0
1167,824,Spain,Male,79,3,119808.92,4,1,1,54803.75,0
1168,384,Spain,Male,72,0,124729.76,4,0,1,57452.18,0
1169,798,Spain,Male,19,9,129700.96,1,0,1,168214.28,0
1170,576,Germany,Female,79,6,53480.41,2,0,0,14189.55,0
1171,450,Germany,Male,44,4,3022.14,3,0,0,128437.13,0
1172,780,Germany,Male,38,4,193003.07,1,0,0,133305.49,0
1173,811,Spain,Female,71,0,50178.61,3,0,0,152184.36,0
1174,480,Germany,Female,55,9,135205.26,1,0,0,175654.68,0
1175,606,Germany,Female,32,10,141325.97,1,0,0,175852.33,0
1176,354,France,Male,38,5,122001.48,4,0,1,21097.05,0
1177,567,Germany,Male,27,8,62581.48,4,1,1,149712.68,0
1178,604,Germany,Male,40,8,54219.25,1,1,1,119872.69,1
1179,747,Spain,Female,75,7,119533.66,4,1,1,120048.16,0
1180,708,Spain,Female,73,4,173219.13,1,0,1,31819.49,0
1181,632,Spain,Male,56,0,189346.75,2,0,1,120531.82,1
1182,742,Spain,Female,22,8,21181.16,4,1,0,177022.04,0
1183,556,Spain,Female,18,0,30965.72,4,0,1,165009.16,0
1184,364,Spain,Female,30,7,188947.25,4,1,0,84652.21,0
1185,695,Germany,Male,38,4,147307.05,2,0,0,16791.16,1
1186,391,Spain,Female,43,2,176598.76,1,1,1,71589.89,1
1187,729,Spain,Female,67,10,40526.53,3,1,1,150486.35,0
1188,810,France,Male,62,6,117517.17,4,1,1,129254.85,0
1189,528,Germany,Male,38,6,140227.92,1,0,1,88088.42,0
1190,412,Germany,Female,70,8,136022.38,2,1,1,19367.26,0
1191,701,Germany,Female,35,6,81630.34,3,0,1,82572.1,0
1192,580,Spain,Male,54,10,3078.98,4,0,1,89734.24,0
1193,590,Spain,Male,62,2,116585.21,2,0,0,167854.44,0
1194,401,Spain,Female,49,10,50620.31,2,0,1,118984.64,1
1195,445,France,Female,53,0,90050.85,3,0,1,62981.0,0
1196,737,Spain,Female,34,7,191516.2,1,0,0,99304.1,0
1197,571,France,Female,52,2,79807.06,4,0,1,21229.4,0
1198,834,Germany,Male,66,7,167960.32,4,1,1,175336.6,1
1199,756,Spain,Female,77,7,37708.12,1,1,0,71210.18,0
1200,580,France,Female,28,4,134492.1,1,1,1,91237.45,0
1201,586,France,Male,38,0,195401.39,1,0,1,70398.28,0
1202,492,Spain,Female,69,9,20378.62,3,0,1,126026.99,0
1203,520,Germany,Male,72,6,1663.99,3,0,1,122579.47,1
1204,378,Germany,Female,70,9,86716.56,4,0,1,131604.79,0
1205,385,Germany,Female,43,4,18525.1,3,1,1,55584.35,0
1206,362,France,Male,79,7,149676.87,2,0,0,63663.64,0
1207,509,France,Male,21,8,182909.73,4,1,1,31292.71,0
1208,676,France,Female,51,10,86804.19,3,0,1,121436.7,1
1209,536,France,Female,69,6,51742.33,1,1,0,16765.51,0
1210,592,Germany,Female,65,6,86880.66,2,0,0,111606.0,0
1211,435,Spain,Male,77,0,144689.56,1,1,1,157848.3,0
1212,633,France,Female,35,3,1810.83,4,0,0,161441.47,0
1213,415,France,Male,57,1,117890.8,1,1,1,86336.42,1
1214,519,Germany,Male,52,1,122658.34,3,0,1,88081.63,0
1215,394,Spain,Female,58,1,127537.65,3,1,0,23084.76,1
1216,411,Spain,Male,46,3,48404.42,4,1,1,124030.05,1
1217,790,Germany,Female,69,0,142810.54,1,0,1,149614.1,0
1218,483,Germany,Female,46,3,18278.3,4,1,0,51591.36,0
1219,633,Spain,Female,55,1,39854.07,1,0,0,81621.15,0
1220,377,France,Female,59,4,175494.01,2,0,0,152602.69,0
1221,457,Spain,Female,38,2,147744.63,3,0,0,159110.48,0
1222,393,Germany,Male,59,7,2749.11,4,1,1,51340.6,0
1223,689,France,Male,30,3,49675.25,2,1,0,103597.01,0
1224,635,France,Female,66,0,42881.3,2,0,0,42723.84,0
1225,795,Germany,Female,58,0,54161.27,4,0,0,27319.39,0
1226,680,Germany,Male,34,9,49511.95,4,1,0,164890.49,0
1227,477,Germany,Male,73,2,12505.26,2,1,0,149486.28,0
1228,697,Spain,Male,26,8,91788.1,1,1,1,139205.93,0
1229,822,Spain,Male,58,6,146546.69,2,0,0,18290.27,1
1230,580,France,Female,18,1,121346.34,4,0,1,153433.89,0
1231,539,Germany,Female,19,8,134574.33,2,0,0,84467.49,1
1232,574,France,Male,77,9,16229.84,1,0,0,68207.17,0
1233,734,France,Female,65,1,190298.14,3,0,0,102900.98,0
1234,726,France,Male,46,2,167698.37,3,1,0,25530.05,0
1235,632,France,Female,50,10,161018.06,2,0,0,138629.91,0
1236,795,Germany,Male,27,9,164596.76,1,1,0,109013.96,0
1237,470,France,Female,67,1,186542.1,3,1,0,41720.32,0
1238,465,Germany,Male,75,2,108850.79,2,0,0,41999.47,0
1239,810,Germany,Male,77,5,40056.4,2,1,1,41322.27,0
1240,582,Spain,Female,57,8,123356.72,1,0,0,19690.41,0
1241,608,Germany,Male,38,8,148576.3,4,1,1,109925.74,1
1242,708,Spain,Female,45,6,147583.48,2,0,0,152859.19,0
1243,547,Germany,Female,28,2,104289.8,4,0,1,12974.7,0
1244,805,Germany,Male,72,3,13691.74,4,1,0,18330.79,0
1245,760,Germany,Female,51,5,74222.59,3,0,0,107370.95,1
1246,486,Spain,Female,25,10,184153.32,4,1,0,149314.27,1
1247,667,Spain,Female,76,4,116889.78,1,0,1,65545.61,0
1248,514,France,Female,39,1,107666.39,3,0,1,69434.45,1
1249,574,Spain,Female,25,5,53770.7,3,0,1,111378.9,0
1250,656,Spain,Male,66,2,73689.78,3,1,1,56616.19,0
1251,583,Spain,Female,32,7,179069.22,2,1,0,14523.42,1
1252,521,Spain,Female,34,1,133292.61,2,0,0,134988.85,1
1253,501,France,Female,77,0,157477.41,4,1,0,116360.49,0
1254,812,Spain,Female,40,8,90869.08,3,0,1,108728.52,1
1255,664,Germany,Female,41,2,126049.44,3,1,0,136086.3,0
1256,723,Germany,Male,62,10,49676.72,1,1,1,124789.24,1
1257,509,Spain,Female,36,0,141092.17,4,0,1,44999.94,0
1258,445,Spain,Male,22,6,85520.27,1,0,1,69921.78,0
1259,821,Germany,Male,49,9,88509.1,4,0,1,31438.72,0
1260,582,Germany,Male,61,4,129864.46,4,0,1,32075.69,0
1261,529,France,Male,18,4,187256.12,2,0,0,124953.28,0
1262,462,Germany,Female,40,0,12801.27,2,1,1,155962.02,0
1263,667,Germany,Male,54,8,164948.65,1,1,1,173664.54,0
1264,846,Spain,Male,25,6,58476.62,4,0,0,116819.01,0
1265,791,Germany,Female,30,7,88783.89,3,0,1,41297.22,0
1266,401,France,Female,25,8,4382.67,2,0,1,27960.56,0
1267,617,Germany,Female,74,5,60209.22,3,1,0,148184.67,0
1268,644,Spain,Male,40,4,100526.25,1,0,0,108388.6,0
1269,735,Spain,Female,60,5,11235.22,2,0,0,115108.45,1
1270,736,Germany,Female,18,10,98219.15,2,1,1,142848.56,1
1271,462,Spain,Male,62,1,185422.13,4,1,0,129557.13,0
1272,450,France,Female,68,3,21078.64,1,1,0,151857.9,0
1273,462,France,Female,41,2,152888.15,4,1,0,19556.36,0
1274,789,Germany,Female,52,6,81934.21,2,0,1,137078.51,0
1275,430,Germany,Female,41,8,131034.74,1,1,0,154644.97,0
1276,536,Germany,Male,34,4,52047.32,2,1,1,58642.96,1
1277,462,Spain,Female,22,5,31898.45,1,0,1,118876.04,0
1278,351,France,Female,37,9,32092.52,2,0,0,63407.55,0
1279,479,France,Male,38,1,14098.39,3,0,1,172855.08,0
1280,569,Spain,Female,57,2,37129.34,3,1,1,15682.01,1
1281,403,France,Male,75,2,132843.88,4,0,0,108564.78,0
1282,692,Germany,Female,48,8,176338.12,3,1,1,38305.6,0
1283,834,Germany,Male,63,6,162825.14,2,1,0,131077.43,0
1284,573,Germany,Male,53,7,137026.86,2,1,1,39901.35,0
1285,574,France,Male,28,10,22086.37,3,0,1,50015.15,0
1286,734,Germany,Male,69,9,57837.49,4,1,0,94043.04,0
1287,752,Spain,Female,32,10,61961.38,3,0,0,165521.94,1
1288,475,Spain,Male,36,8,49991.39,1,0,1,45991.44,0
1289,479,France,Female,24,5,103001.13,1,0,1,34520.8,0
1290,402,Spain,Male,68,3,107110.76,1,1,0,139026.06,0
1291,521,Spain,Male,45,0,71377.2,3,1,1,95105.32,0
1292,567,France,Male,68,7,70757.83,3,1,1,165003.47,0
1293,509,Germany,Female,60,6,165711.12,3,0,1,34924.47,0
1294,547,Germany,Male,75,1,157858.57,1,1,1,119807.74,0
1295,765,Germany,Female,22,7,61559.17,4,1,0,49589.45,1
1296,596,France,Female,22,4,182757.69,2,1,0,36649.27,0
1297,673,Spain,Female,47,6,190563.0,3,1,0,126183.0,0
1298,788,Germany,Female,71,3,65348.51,4,1,0,110926.39,1
1299,552,Germany,Female,49,4,70884.99,2,0,0,138320.67,0
1300,533,France,Female,25,7,101126.83,2,0,0,62608.64,0
1301,472,Germany,Female,27,0,188224.16,2,0,1,86155.18,0
1302,750,France,Female,55,0,175263.89,4,0,0,78930.18,0
1303,604,Spain,Female,64,3,20513.59,4,1,1,177295.21,1
1304,643,France,Male,49,2,78546.15,1,0,1,59682.32,0
1305,629,France,Male,65,9,110674.24,4,1,1,60118.93,0
1306,674,France,Male,45,1,100626.49,4,0,0,70273.2,0
1307,721,France,Male,34,2,38772.61,4,0,1,105980.99,0
1308,447,Spain,Male,48,10,171763.35,2,0,0,52894.87,0
1309,547,Spain,Female,25,10,135388.16,3,1,1,165599.29,0
1310,819,Germany,Female,57,10,167581.67,1,1,1,55166.55,1
1311,744,Spain,Female,42,0,171752.86,3,0,0,162288.67,1
1312,589,Spain,Female,26,0,149671.17,3,1,1,27590.76,0
1313,493,Germany,Female,19,5,87842.12,4,0,1,121615.66,0
1314,446,Spain,Female,32,4,122109.35,1,0,1,164187.54,1
1315,550,France,Female,67,7,32073.08,3,0,1,38687.4,0
1316,473,France,Male,20,1,134729.08,3,1,0,174615.58,0
1317,536,Germany,Male,66,3,35850.65,1,0,1,86990.17,0
1318,675,Germany,Male,53,7,138789.92,4,0,1,170771.57,1
1319,813,Germany,Male,79,5,45919.63,3,0,0,125059.41,1
1320,698,France,Female,21,0,23510.26,2,1,1,61269.77,0
1321,608,Spain,Female,31,3,33056.9,3,0,1,42011.43,0
1322,497,France,Female,58,0,398.43,2,1,1,61634.96,0
1323,601,Germany,Male,58,1,143747.92,4,0,1,25812.96,0
1324,792,Spain,Female,42,4,146480.21,3,1,0,34457.55,0
1325,769,Spain,Female,75,7,102986.67,1,0,1,27792.27,1
1326,752,France,Female,72,7,32272.56,1,0,0,81900.4,0
1327,695,Germany,Male,79,10,16710.87,3,1,1,145248.32,1
1328,800,France,Female,67,2,3825.79,4,1,1,34035.2,0
1329,496,Spain,Male,27,10,33149.64,4,0,1,32154.47,0
1330,497,France,Male,38,3,178171.11,1,1,0,119382.92,0
1331,701,France,Male,53,9,48307.37,3,0,1,43521.11,0
1332,548,Germany,Male,29,10,70854.27,4,0,1,26593.71,0
1333,657,Germany,Female,44,5,21069.1,1,0,0,38364.26,1
1334,838,Spain,Male,57,10,44472.26,2,1,0,167034.34,1
1335,766,France,Male,19,10,103844.91,3,0,0,149650.11,0
1336,773,France,Female,71,9,121550.54,2,1,0,70190.98,0
1337,477,France,Female,30,2,49070.46,2,0,1,121489.53,1
1338,388,Spain,Male,70,1,11546.43,4,1,1,101336.86,0
1339,687,Spain,Female,49,5,78206.57,4,1,1,125111.12,0
1340,709,Germany,Male,48,10,46840.67,4,0,1,126054.1,0
1341,478,Germany,Male,33,4,43910.78,3,1,0,116884.78,1
1342,616,Germany,Male,49,9,191972.56,2,0,1,55237.23,0
1343,825,France,Male,49,4,123260.1,3,0,1,16631.09,0
1344,790,France,Female,77,9,111375.69,4,0,1,87446.35,1
1345,822,Germany,Male,51,4,83155.02,2,0,1,161465.56,0
1346,783,France,Female,28,9,85788.87,3,0,0,106814.53,0
1347,500,Germany,Female,27,4,108181.0,3,1,1,151506.48,0
1348,764,Spain,Female,32,2,139285.96,1,0,1,178576.14,1
1349,827,Germany,Female,34,6,140429.22,3,1,1,37814.75,0
1350,647,Spain,Male,57,5,34338.78,4,1,0,127602.2,1
1351,448,France,Female,35,3,100022.55,3,0,0,124629.91,0
1352,612,Germany,Male,72,1,82391.62,2,1,1,176592.43,0
1353,601,France,Female,26,8,174105.39,3,0,1,177552.12,1
1354,493,Spain,Female,42,0,126283.78,1,1,1,126735.36,0
1355,695,Spain,Male,57,10,106500.81,2,1,0,51414.51,0
1356,461,Spain,Male,76,3,23078.93,2,1,1,145754.49,0
1357,849,France,Male,31,0,121127.58,1,0,1,28194.95,0
1358,409,France,Female,77,5,23440.78,4,1,1,142718.88,0
1359,718,France,Female,75,3,67441.32,2,0,0,164733.34,0
1360,351,France,Male,42,4,28568.39,4,1,1,75081.68,0
1361,734,Spain,Male,67,4,138414.73,2,1,1,117208.0,1
1362,653,Spain,Male,39,8,41250.42,2,1,0,83124.26,0
1363,603,Germany,Male,69,0,78371.87,4,1,0,84420.06,1
1364,489,Germany,Female,47,1,179134.96,2,0,1,62763.05,0
1365,802,France,Male,37,5,40863.28,4,0,0,139562.04,0
1366,386,Spain,Male,38,4,101561.01,1,1,1,169150.02,0
1367,509,Spain,Male,61,10,83854.33,4,1,0,169927.65,0
1368,358,Spain,Male,49,6,3624.81,1,0,0,39712.82,0
1369,582,Germany,Female,68,2,158551.62,2,0,1,158706.42,1
1370,448,Germany,Male,63,2,13809.18,4,0,1,135363.35,1
1371,496,Spain,Female,66,9,94851.0,2,0,1,52982.36,1
1372,653,Spain,Male,73,1,112135.66,4,1,0,21438.38,0
1373,557,Spain,Male,38,2,125685.29,1,1,1,55559.54,1
1374,480,Germany,Female,52,9,137726.33,1,0,1,165075.4,0
1375,753,Spain,Male,75,0,50654.48,4,0,1,117640.37,0
1376,501,Spain,Female,49,4,1995.76,1,0,1,132579.29,1
1377,403,France,Female,47,4,144688.73,2,0,1,53715.9,0
1378,469,France,Male,72,10,107131.32,2,0,0,132295.99,0
1379,510,Germany,Female,56,6,167223.54,3,0,1,14780.66,0
1380,757,Spain,Female,66,3,164277.67,1,1,1,73804.63,0
1381,465,Spain,Female,29,2,168665.23,2,1,0,116548.07,0
1382,424,France,Female,58,0,97018.93,4,1,1,34836.42,0
1383,462,Germany,Female,64,7,66725.68,1,0,1,149910.61,1
1384,805,France,Female,35,2,158311.64,2,0,1,49955.32,0
1385,769,France,Female,38,1,90258.82,1,0,1,120887.79,0
1386,771,France,Female,30,10,36688.44,4,1,1,78883.51,0
1387,453,France,Male,79,3,170994.8,2,0,0,111327.41,0
1388,689,Spain,Male,38,2,176511.98,3,0,0,28266.59,0
1389,603,Spain,Female,79,0,93261.95,3,1,0,12875.18,0
1390,576,France,Male,25,2,15139.95,1,0,1,164625.95,1
1391,461,Germany,Female,63,1,77565.22,4,1,0,55837.1,1
1392,822,Germany,Female,57,7,160707.53,2,1,1,149345.09,1
1393,448,Germany,Male,63,5,180354.81,4,0,1,179889.55,1
1394,502,Germany,Female,24,8,40694.55,2,1,1,45943.31,0
1395,698,France,Female,40,7,13394.72,1,0,0,55079.03,1
1396,751,Spain,Female,61,9,175470.09,2,1,0,122686.16,0
1397,733,Germany,Female,49,2,77880.99,4,0,0,174126.27,0
1398,715,France,Male,28,4,108352.19,4,1,1,165688.44,0
1399,687,Germany,Female,39,6,193613.16,1,0,0,95488.84,0
1400,543,Germany,Female,39,4,13312.95,4,1,1,145168.75,0
1401,659,France,Female,60,7,129663.6,2,1,0,33076.8,1
1402,512,Spain,Male,42,4,14821.08,1,1,0,176164.49,0
1403,557,Spain,Female,39,0,75093.79,2,0,1,173940.05,0
1404,794,France,Male,45,4,160762.91,4,0,1,37833.92,0
1405,518,Spain,Male,46,3,86694.45,1,1,0,60901.93,0
1406,833,France,Female,30,5,199436.47,2,0,0,27026.35,0
1407,510,France,Female,35,2,111811.86,4,1,0,56191.99,0
1408,417,France,Male,19,10,64232.43,4,0,1,148712.48,0
1409,638,Spain,Female,46,4,44022.27,3,1,1,74313.65,0
1410,747,France,Male,38,1,70104.11,4,0,0,25027.48,1
1411,626,Germany,Male,32,10,74506.65,2,1,0,68178.34,0
1412,653,Spain,Female,69,5,13742.74,1,1,1,176835.17,0
1413,753,Spain,Female,44,5,73914.84,3,1,0,117046.21,0
1414,733,Spain,Male,67,4,92847.7,4,1,1,80747.36,0
1415,741,Spain,Male,48,5,144547.55,4,0,1,38311.55,1
1416,484,Germany,Male,32,10,131345.9,4,1,1,177650.06,0
1417,544,Spain,Male,68,6,141753.13,2,0,1,149544.33,0
1418,750,Spain,Female,40,4,1672.74,3,0,1,57851.14,1
1419,477,France,Female,41,0,43533.48,2,1,1,21911.68,0
1420,382,Spain,Female,61,7,132336.86,3,0,0,19626.34,0
1421,525,Germany,Female,30,3,96797.87,1,0,1,30464.29,0
1422,809,Germany,Female,39,8,1062.7,2,0,1,108730.66,1
1423,792,Germany,Male,60,9,160898.93,2,1,0,167889.78,1
1424,720,Germany,Female,54,5,154561.91,1,0,1,94446.38,0
1425,819,Spain,Female,78,0,109683.83,3,0,0,153300.73,0
1426,724,Spain,Female,50,2,13292.67,4,1,1,85800.73,0
1427,371,Germany,Female,73,2,153303.01,1,1,0,130459.2,1
1428,587,Germany,Female,20,9,116742.72,4,0,0,134418.37,1
1429,507,Spain,Male,71,3,156392.0,4,1,1,39573.83,0
1430,387,Germany,Male,36,5,150349.4,1,0,1,71406.73,1
1431,579,France,Male,40,6,160600.41,3,0,1,118341.37,0
1432,714,Germany,Female,46,9,103601.61,4,0,1,22018.42,0
1433,400,Germany,Male,47,3,28064.9,1,1,0,71461.83,0
1434,787,France,Male,56,5,134231.49,2,0,0,100915.91,0
1435,613,France,Female,61,10,124094.76,2,1,0,179358.16,1
1436,632,Spain,Female,64,0,148450.64,2,1,1,90670.71,0
1437,376,Spain,Female,42,7,33976.2,1,0,0,148729.65,0
1438,575,France,Male,54,6,38995.04,2,1,1,83451.44,1
1439,626,France,Male,64,10,178081.9,4,1,1,145386.42,1
1440,635,Spain,Female,25,10,149995.56,2,1,0,111220.52,0
1441,446,Germany,Female,59,8,181645.7,2,1,1,160721.23,0
1442,633,France,Male,75,2,151743.06,4,1,0,79860.23,0
1443,716,Spain,Male,33,1,119431.06,2,0,1,112731.75,0
1444,797,Germany,Female,25,0,130826.55,4,1,0,117103.18,1
1445,830,France,Female,18,2,177825.58,2,0,1,80955.1,1
1446,802,Germany,Male,61,4,115761.35,4,0,0,34533.05,0
1447,666,Spain,Female,22,10,126478.26,2,0,0,25905.1,0
1448,653,France,Male,20,1,31295.34,4,0,1,12834.16,0
1449,496,Germany,Male,18,2,94784.24,1,0,1,158500.82,1
1450,353,France,Male,21,3,143279.42,4,0,0,50200.74,0
1451,384,Germany,Male,57,6,54188.54,2,1,1,45956.15,0
1452,541,Spain,Female,52,2,40450.84,2,1,1,135126.02,0
1453,398,Spain,Female,49,8,62765.36,3,1,1,64402.74,0
1454,366,France,Male,59,7,48300.13,4,0,0,96027.6,0
1455,521,Germany,Male,51,3,42982.53,1,1,0,37626.88,0
1456,569,France,Male,60,0,84970.17,4,1,1,173156.77,1
1457,507,France,Male,42,0,181567.7,4,1,1,154768.84,1
1458,826,Germany,Male,27,0,101411.93,1,0,0,156844.24,1
1459,395,Germany,Female,38,0,37584.08,4,1,1,79151.54,0
1460,722,Germany,Female,63,7,15394.33,1,0,0,139601.41,0
1461,355,Spain,Female,56,2,139231.23,1,1,1,34458.95,0
1462,448,France,Female,44,5,76559.75,4,0,1,11465.23,0
1463,729,France,Male,44,2,164366.19,4,0,1,13395.4,1
1464,582,Spain,Male,19,10,131902.15,2,0,0,109722.3,0
1465,386,Germany,Male,58,4,159248.29,2,1,0,87417.13,0
1466,629,Spain,Male,65,6,54389.21,3,1,0,98062.61,1
1467,698,Spain,Male,30,1,138471.78,3,0,0,11268.73,1
1468,846,Spain,Female,26,5,52812.4,4,1,1,81856.73,0
1469,651,France,Male,69,5,187813.7,1,0,1,132071.59,0
1470,530,Spain,Female,53,10,127274.86,3,0,0,85257.93,0
1471,444,France,Female,39,2,64902.36,4,1,1,134477.27,0
1472,448,France,Female,59,5,53902.37,3,1,1,49613.22,0
1473,537,France,Female,43,9,38185.32,1,1,0,148234.14,0
1474,830,Germany,Male,75,9,138928.19,4,0,1,110033.31,1
1475,465,France,Female,71,4,43743.12,1,0,1,45829.73,0
1476,540,France,Female,29,1,119060.65,4,1,0,50242.48,0
1477,602,Germany,Female,34,8,52927.01,3,0,1,116765.18,0
1478,818,France,Male,31,7,132393.79,2,1,1,151089.73,0
1479,765,Spain,Male,31,2,162987.95,3,0,1,80656.72,1
1480,820,Spain,Male,74,7,155605.05,3,1,0,53911.07,0
1481,510,France,Female,51,8,152170.27,2,1,0,157391.97,0
1482,605,Germany,Female,70,2,37544.48,2,0,1,123775.61,0
1483,672,Spain,Male,74,2,17676.99,4,1,1,86174.53,1
1484,477,Germany,Female,37,1,139789.77,4,1,1,92943.03,0
1485,367,Germany,Male,28,7,73669.44,1,0,0,44723.6,1
1486,630,Spain,Male,33,9,86469.25,1,1,0,116556.45,0
1487,839,Germany,Female,68,0,6229.82,3,0,0,70986.23,0
1488,572,Spain,Female,48,7,51915.29,2,1,1,179259.68,0
1489,403,Germany,Female,72,6,6735.28,1,0,1,91631.2,1
1490,407,Spain,Female,23,6,175837.15,3,1,1,92600.55,1
1491,672,France,Male,73,2,48679.34,2,1,1,106194.8,0
1492,709,Spain,Male,36,0,111467.43,4,1,1,165848.52,0
1493,523,Spain,Male,54,3,7795.86,3,1,0,146139.08,0
1494,629,Spain,Male,75,8,133369.48,4,0,1,86692.11,0
1495,463,Spain,Male,21,4,64605.47,1,0,1,132178.88,0
1496,637,Germany,Female,64,0,179583.84,1,0,1,109660.03,1
1497,780,France,Male,78,4,177623.64,2,0,0,93702.4,1
1498,691,Spain,Male,21,7,65058.12,3,0,1,42693.68,0
1499,500,Germany,Male,37,7,180192.18,4,0,0,88869.16,0
1500,799,France,Female,27,4,199231.53,2,0,0,51789.16,1
1501,476,France,Female,41,8,165083.13,1,1,0,165523.17,1
1502,504,France,Female,71,0,168974.27,1,1,0,67019.16,0
1503,839,France,Female,52,3,49801.75,3,1,0,171884.88,0
1504,735,Spain,Male,43,2,115340.48,4,1,1,100619.4,0
1505,823,Spain,Male,54,1,13451.18,3,0,1,117362.54,0
1506,622,Germany,Female,55,7,18983.59,4,0,0,102299.88,0
1507,453,Germany,Female,38,6,199778.52,4,0,0,31994.7,0
1508,766,Germany,Male,71,8,65327.85,3,1,0,73889.61,0
1509,742,France,Male,57,1,149636.78,2,0,1,26854.84,0
1510,648,France,Female,56,3,161333.01,3,1,1,115902.19,0
1511,595,Spain,Female,38,5,171604.65,3,0,0,85968.61,0
1512,525,France,Female,27,10,199525.66,1,0,1,142257.45,1
1513,388,France,Female,55,2,48299.3,1,0,1,47479.98,1
1514,826,France,Male,63,7,8070.17,3,0,0,37976.23,0
1515,519,Germany,Male,21,2,82238.3,3,1,0,79076.48,0
1516,596,Germany,Male,77,1,26016.13,1,1,1,167519.52,1
1517,375,Spain,Female,74,2,4485.18,4,0,1,130771.71,0
1518,704,France,Female,62,10,72085.37,3,1,1,81217.02,0
1519,655,France,Male,37,5,156747.65,2,0,0,97936.27,0
1520,758,Spain,Male,34,1,113236.14,2,0,0,24316.21,0
1521,757,France,Male,72,7,62555.6,2,0,0,177377.9,0
1522,362,France,Male,24,0,130868.4,3,0,1,123289.24,1
1523,665,Germany,Female,21,6,46403.64,4,1,1,58518.69,0
1524,740,Spain,Male,46,1,2876.29,4,0,0,109587.43,0
1525,662,Spain,Male,31,9,152870.68,1,0,1,28612.0,1
1526,385,Spain,Male,20,5,124748.62,3,1,0,174192.23,0
1527,522,Spain,Male,41,1,152460.52,4,0,1,39713.45,0
1528,369,Germany,Male,54,1,7787.6,3,1,0,120165.15,0
1529,670,Germany,Male,33,9,167423.93,1,0,1,51727.26,0
1530,613,France,Male,75,7,123905.24,1,0,1,131985.44,0
1531,843,France,Female,72,1,112679.07,1,0,0,142059.63,0
1532,749,France,Female,69,6,124922.81,2,0,0,124481.35,0
1533,491,France,Female,21,2,172886.65,3,0,0,114464.91,0
1534,809,Germany,Female,73,7,117387.3,1,0,0,161719.75,0
1535,720,Spain,Male,79,6,116190.08,3,1,0,23366.54,0
1536,820,Germany,Female,41,7,198135.83,2,0,1,66255.51,0
1537,492,France,Female,51,6,151346.03,2,1,0,52208.87,0
1538,441,Germany,Male,47,10,88458.76,1,1,0,177962.37,0
1539,703,Spain,Male,35,5,141479.4,1,0,0,76196.26,1
1540,671,Spain,Female,36,6,77846.09,4,1,0,134544.16,0
1541,637,Germany,Female,48,4,45775.09,3,0,0,126403.28,0
1542,564,Germany,Male,77,6,119370.38,1,1,1,46053.81,1
1543,796,Germany,Female,77,0,185636.42,4,0,0,50629.61,0
1544,691,France,Male,36,0,185827.9,3,1,0,57818.38,0
1545,400,Germany,Male,66,8,68381.06,1,1,0,79891.64,1
1546,502,Germany,Male,63,4,105535.49,4,0,1,49835.26,1
1547,535,Germany,Male,36,4,42327.18,4,1,1,13340.75,0
1548,412,Spain,Female,39,2,199126.22,3,0,0,159496.82,0
1549,539,Spain,Male,41,4,196223.58,4,0,0,174153.67,0
1550,474,France,Male,62,2,129901.79,3,0,1,68066.97,1
1551,499,France,Female,29,8,160882.81,3,0,1,67546.17,0
1552,663,Spain,Male,47,8,143020.03,3,0,1,11205.61,0
1553,407,Spain,Female,75,5,118631.64,2,1,0,125642.62,1
1554,691,Spain,Female,55,0,10669.6,4,1,0,150324.78,0
1555,654,Germany,Female,70,6,90952.87,3,1,1,34923.41,1
1556,529,Germany,Male,48,6,134957.26,1,0,0,37143.28,0
1557,519,Spain,Female,53,9,135506.32,2,1,1,144314.15,0
1558,675,Germany,Female,36,9,74624.52,2,1,1,114769.43,0
1559,620,Germany,Male,65,3,188338.4,4,1,1,17626.29,1
1560,403,France,Female,62,7,33471.41,3,1,0,115832.99,0
1561,840,Spain,Female,53,5,100071.89,4,1,1,62516.01,0
1562,793,Spain,Female,47,3,138176.8,2,0,1,72683.28,0
1563,450,Germany,Female,72,3,139427.16,3,0,0,140854.34,0
1564,830,Spain,Female,66,1,129727.79,1,1,1,147858.98,1
1565,613,France,Male,72,1,55057.64,3,0,0,78060.63,0
1566,402,France,Female,50,3,31241.31,2,0,1,171016.0,0
1567,409,France,Female,35,4,127188.07,1,1,0,79098.66,1
1568,841,Spain,Male,69,7,119860.42,3,1,1,141212.13,0
1569,457,Spain,Male,66,5,35871.2,1,0,1,92259.13,0
1570,354,Spain,Male,76,3,141027.83,1,1,1,162580.5,0
1571,452,Spain,Female,45,10,91034.4,2,0,1,164319.41,1
1572,545,Spain,Male,76,6,133552.12,1,0,1,24860.86,0
1573,611,France,Female,64,7,167473.42,4,1,0,169203.87,0
1574,714,Germany,Female,28,1,33945.69,2,0,0,150340.92,0
1575,829,France,Male,74,6,3828.97,4,0,1,144522.82,0
1576,721,Spain,Male,77,1,155820.52,1,0,1,44154.93,0
1577,699,France,Female,71,1,121939.49,4,1,1,146870.27,0
1578,396,Spain,Male,62,7,139927.91,3,1,0,154522.56,0
1579,704,Spain,Female,50,1,167630.99,1,1,0,59155.56,0
1580,660,France,Male,34,10,160562.19,3,1,1,171884.21,0
1581,773,Spain,Male,23,8,192184.03,4,0,0,18476.22,0
1582,657,Germany,Male,21,0,107187.02,3,1,1,35484.57,1
1583,493,Spain,Female,37,8,97699.13,1,1,1,101388.79,1
1584,618,Germany,Male,65,0,80377.44,3,1,1,107884.72,0
1585,719,Germany,Female,64,9,30738.21,4,1,0,119675.51,0
1586,473,Spain,Female,44,9,114521.45,4,0,1,12884.75,0
1587,455,France,Female,32,1,55402.5,4,0,1,173262.35,1
1588,507,Germany,Female,23,5,184261.5,1,0,1,17579.98,1
1589,496,France,Male,64,5,116638.16,4,1,0,34320.53,1
1590,494,Germany,Female,31,0,118568.04,1,1,0,12382.47,0
1591,469,Spain,Female,77,6,70984.93,3,0,0,106365.93,0
1592,668,Spain,Male,28,7,10397.87,4,1,1,168485.37,0
1593,624,Germany,Female,56,1,6348.75,3,1,0,123211.02,0
1594,441,Spain,Male,26,7,84667.03,2,0,1,149851.77,0
1595,407,Germany,Female,43,8,16913.08,3,0,0,12257.8,1
1596,788,Spain,Male,33,5,121369.39,2,1,1,102142.6,0
1597,695,France,Female,22,4,176194.6,3,1,0,88125.71,0
1598,578,Spain,Male,74,8,176582.96,1,1,1,94824.55,0
1599,823,France,Female,69,10,131809.08,3,0,0,22276.24,1
1600,466,Spain,Female,78,8,42246.37,1,0,0,126354.01,0
1601,667,France,Male,27,0,172599.37,1,0,0,95547.47,0
1602,628,Spain,Male,67,10,177218.69,4,0,1,140075.3,1
1603,476,France,Male,20,2,39330.72,1,1,0,92499.41,0
1604,742,Germany,Male,30,8,147485.22,2,0,0,35394.88,0
1605,745,Germany,Female,60,10,57303.91,4,0,0,120203.68,0
1606,478,France,Female,66,1,160528.06,4,1,0,39305.68,0
1607,407,Spain,Male,47,3,199447.58,3,1,1,158307.08,1
1608,471,France,Female,79,3,6005.2,1,1,0,114229.76,1
1609,350,Spain,Male,71,1,179473.17,1,0,1,36724.66,0
1610,588,Germany,Male,62,2,124526.11,2,1,1,173597.47,0
1611,639,Spain,Female,23,2,194676.52,3,1,1,98122.13,0
1612,445,Germany,Female,34,0,93001.9,3,0,1,22392.74,0
1613,475,Spain,Female,76,5,169477.59,4,0,0,116561.59,0
1614,467,Spain,Female,62,7,12478.81,4,1,1,53043.81,0
1615,397,Spain,Female,68,2,67055.81,4,0,1,146627.89,0
1616,438,France,Female,70,4,13403.31,2,1,1,149029.75,1
1617,837,France,Female,36,0,195068.63,2,1,1,176421.05,0
1618,586,Germany,Male,59,9,163394.78,4,0,0,95317.82,0
1619,722,Germany,Male,52,6,170509.48,3,1,0,87342.67,0
1620,734,France,Male,63,9,187593.05,2,0,1,138090.85,1
1621,621,Germany,Male,43,0,17020.7,3,0,1,32520.01,0
1622,538,France,Male,68,10,77119.52,3,0,1,102975.64,0
1623,836,Spain,Female,22,8,14206.98,1,1,0,102862.09,0
1624,541,Germany,Male,46,7,42158.62,4,0,0,25210.43,0
1625,796,Germany,Male,54,6,45873.16,1,0,0,81057.29,0
1626,418,France,Male,37,9,93821.44,4,1,0,155058.42,1
1627,627,Germany,Male,66,6,53712.43,4,1,0,155546.12,1
1628,698,Germany,Male,38,4,20195.62,3,1,1,26870.4,1
1629,596,Spain,Male,27,4,33498.22,4,1,0,25422.55,0
1630,800,Germany,Male,22,10,29455.11,3,0,0,54658.23,0
1631,425,Spain,Female,53,4,194615.36,3,0,1,158710.23,0
1632,503,France,Female,23,0,151858.5,4,0,0,31913.44,1
1633,493,Germany,Male,43,7,193552.29,3,1,0,132399.46,0
1634,784,Spain,Female,21,10,87948.1,3,1,0,27198.16,0
1635,834,France,Female,79,0,55673.7,3,0,1,115933.44,0
1636,435,Germany,Female,56,3,159658.64,2,1,0,70531.44,0
1637,534,France,Female,56,8,65250.78,3,1,1,144115.37,0
1638,634,Germany,Male,67,8,59876.67,2,0,1,49727.38,0
1639,811,France,Female,52,4,46501.2,2,0,0,118664.31,0
1640,569,France,Female,18,3,25935.8,3,1,0,50066.03,1
1641,418,Spain,Female,41,2,51292.61,3,1,0,131322.25,0
1642,396,France,Male,74,2,71063.95,2,1,0,158525.27,0
1643,846,Germany,Male,53,4,134798.84,2,0,1,31556.31,0
1644,443,Germany,Male,23,9,12512.97,3,0,0,157321.27,0
1645,587,Spain,Male,58,0,42101.39,3,0,1,110907.79,1
1646,795,Germany,Male,71,4,161804.73,4,0,1,31608.78,0
1647,849,Germany,Male,63,5,29384.38,2,0,1,82682.12,0
1648,802,Germany,Male,77,6,68529.03,2,1,1,37346.25,0
1649,553,France,Female,61,8,172931.78,4,1,1,129059.14,1
1650,749,France,Female,77,2,30985.06,2,1,0,139007.58,0
1651,567,Germany,Female,74,1,16547.37,1,0,1,27985.41,0
1652,823,Spain,Male,48,2,96907.6,2,0,1,96043.77,0
1653,781,France,Male,37,8,60483.9,4,0,0,148486.26,0
1654,690,Spain,Male,41,6,112681.67,1,1,0,169147.72,0
1655,388,Germany,Male,42,8,160760.98,3,0,1,97298.04,1
1656,449,Germany,Male,53,1,27429.7,4,0,1,171547.47,0
1657,638,France,Female,38,4,116139.82,4,1,0,101067.12,1
1658,603,Germany,Female,47,3,101101.75,3,0,1,77012.38,0
1659,571,France,Male,41,1,28815.76,4,1,0,154194.53,0
1660,706,Germany,Male,61,8,124799.7,2,0,0,93807.06,0
1661,372,Germany,Male,59,8,54728.08,3,0,1,90223.43,1
1662,599,France,Male,47,5,97566.86,4,1,0,93353.12,0
1663,359,France,Female,39,10,16454.46,3,1,1,153953.45,1
1664,595,France,Male,45,5,91916.81,3,1,1,151430.06,1
1665,674,Germany,Male,24,7,61292.69,3,1,1,78598.4,1
1666,449,Germany,Male,52,5,164476.24,1,1,0,66660.98,0
1667,639,Spain,Male,72,0,11395.75,4,1,1,93627.76,0
1668,529,France,Female,45,3,83721.45,1,0,0,107371.33,1
1669,572,Germany,Male,31,6,91686.28,4,0,1,50517.33,0
1670,743,Germany,Male,73,1,145001.22,2,1,1,144972.36,0
1671,599,France,Female,27,8,114857.52,2,0,0,92702.07,0
1672,496,Spain,Female,33,7,133442.47,2,1,1,66787.74,0
1673,791,France,Female,33,7,155409.86,4,0,1,28159.57,0
1674,445,Spain,Male,71,6,172440.59,3,1,0,50603.68,0
1675,606,Germany,Male,48,3,62775.1,3,0,0,171377.8,0
1676,674,Spain,Female,59,1,107604.54,1,0,0,61866.95,0
1677,842,Germany,Female,42,2,168021.62,1,0,1,38706.08,0
1678,353,France,Female,30,5,197890.23,2,0,0,88314.37,0
1679,365,France,Female,23,4,177903.86,1,0,0,62204.92,0
1680,629,France,Female,61,7,74293.45,4,1,1,15977.07,0
1681,685,Spain,Female,26,5,39033.3,4,1,0,64934.69,0
1682,596,Germany,Male,62,5,97878.51,1,1,1,102498.47,0
1683,607,France,Male,53,0,148328.29,1,0,1,103791.1,0
1684,846,France,Male,73,3,98513.81,1,1,0,70615.02,0
1685,825,Germany,Female,60,4,96636.17,1,0,1,86041.47,0
1686,733,France,Female,37,10,167646.08,2,0,0,174138.05,1
1687,509,Germany,Female,35,2,72280.76,2,0,0,74149.24,0
1688,824,Germany,Female,75,8,171958.93,1,1,0,53898.56,0
1689,689,Germany,Female,60,0,81360.96,4,0,0,51389.4,0
1690,501,Germany,Female,74,5,65646.62,2,1,1,87819.98,0
1691,745,Germany,Male,38,5,90797.98,4,1,1,139118.43,0
1692,527,Spain,Male,21,9,152489.39,3,0,0,45017.99,0
1693,512,France,Female,67,4,25200.41,4,0,0,130580.34,0
1694,729,Spain,Male,50,4,39283.84,1,1,1,13595.47,0
1695,382,France,Female,44,9,190288.97,3,1,0,81218.61,0
1696,766,Spain,Male,24,4,35098.33,2,1,1,141897.06,1
1697,794,Germany,Female,23,5,113545.46,2,1,0,67584.6,0
1698,528,France,Female,32,7,115862.89,3,1,1,105835.31,0
1699,776,France,Male,35,1,97924.89,4,1,1,44846.47,0
1700,450,Spain,Male,49,5,128949.05,2,0,1,136139.22,0
1701,617,Spain,Female,73,0,45965.35,1,1,0,18887.45,1
1702,672,France,Female,28,3,110532.45,3,1,0,154932.25,0
1703,414,Spain,Male,37,9,74434.65,1,1,0,43693.39,0
1704,766,Spain,Male,41,2,132333.45,3,1,0,158647.67,1
1705,517,Spain,Female,32,8,28244.71,2,0,0,69929.97,0
1706,679,Germany,Male,65,2,114175.48,4,0,1,132856.21,0
1707,392,Germany,Female,24,5,37054.07,3,1,1,64268.3,1
1708,393,Spain,Female,38,0,55728.61,3,1,1,164004.98,0
1709,634,Spain,Female,59,5,43741.96,1,1,1,31528.31,0
1710,746,Germany,Female,43,3,36567.56,2,0,1,40348.36,0
1711,361,Germany,Male,61,7,165142.19,1,0,1,93815.12,0
1712,444,France,Male,73,10,57141.51,2,0,1,23929.53,0
1713,651,France,Male,31,8,185424.76,1,0,0,43316.63,1
1714,735,Germany,Male,74,3,193985.31,3,0,1,170440.28,0
1715,602,Spain,Male,54,9,114252.09,1,0,0,176003.24,0
1716,848,Spain,Male,75,9,28600.22,4,1,1,73964.09,1
1717,591,Spain,Male,38,5,74909.65,2,0,1,166958.62,0
1718,384,Spain,Female,35,0,159546.45,2,0,0,102620.19,0
1719,564,France,Male,22,3,73478.15,3,1,1,55856.22,0
1720,686,Germany,Male,20,6,17403.44,2,0,0,129407.78,1
1721,439,Spain,Female,40,0,111356.98,4,1,1,122013.31,1
1722,613,France,Male,43,7,169024.17,1,0,0,178151.3,0
1723,442,Spain,Male,54,9,159185.28,3,1,1,55058.04,0
1724,759,Germany,Female,41,10,35024.63,4,1,0,124250.12,0
1725,807,France,Male,66,5,134552.92,2,1,0,18844.04,1
1726,439,Germany,Male,36,4,44100.85,2,1,1,29319.83,0
1727,767,Germany,Male,68,9,43641.51,4,1,1,10666.12,0
1728,464,France,Female,42,10,174814.35,1,0,0,179908.32,1
1729,454,France,Male,38,8,49933.79,1,0,1,146386.53,0
1730,740,France,Male,29,1,52649.47,3,1,0,143742.91,0
1731,545,France,Female,74,4,130.68,2,1,1,96653.43,0
1732,663,France,Male,78,5,174133.81,4,1,0,61011.4,0
1733,463,France,Female,58,6,158518.96,1,0,1,35714.93,0
1734,842,France,Female,50,4,125465.79,3,1,0,58394.71,1
1735,424,Spain,Male,67,8,150053.15,2,1,1,73915.11,0
1736,762,Germany,Female,70,0,30409.71,2,1,0,138572.72,0
1737,725,France,Female,21,6,91664.72,3,1,0,101742.5,0
1738,769,Spain,Male,59,9,70243.88,3,0,1,23172.22,0
1739,566,Spain,Female,74,6,18755.31,1,1,1,13064.93,0
1740,626,Spain,Female,24,3,97226.1,4,1,0,27396.47,0
1741,598,Germany,Male,39,8,184147.93,2,0,0,79784.78,1
1742,513,France,Male,72,10,8011.82,4,1,0,168642.8,0
1743,743,Spain,Male,50,4,58292.18,2,1,0,118358.42,0
1744,706,Germany,Female,34,3,41508.19,2,0,1,146310.4,0
1745,806,Germany,Male,41,6,47629.33,4,0,0,89283.68,1
1746,757,Germany,Female,78,3,181686.91,3,0,0,71483.23,0
1747,541,Spain,Female,78,2,93613.81,1,1,0,28428.06,1
1748,576,France,Female,51,8,93259.88,2,1,1,158908.61,0
1749,526,Spain,Female,45,10,152115.13,3,0,0,143137.2,1
1750,448,Spain,Female,75,7,30898.44,2,0,1,38580.08,0
1751,845,France,Female,60,0,97453.07,1,0,1,97084.3,1
1752,385,France,Female,58,6,85997.04,2,1,1,92853.72,0
1753,815,France,Male,56,8,119382.14,1,1,1,116265.56,0
1754,846,Germany,Male,39,7,199911.54,1,0,1,170851.77,0
1755,836,France,Female,66,7,153889.78,2,1,1,108561.15,1
1756,445,Spain,Female,34,5,79573.14,2,0,1,101836.94,0
1757,501,France,Male,51,10,165510.61,1,1,0,18554.9,1
1758,500,Spain,Female,23,3,34141.67,3,1,0,20694.27,1
1759,539,Germany,Male,63,7,6092.74,4,1,1,41848.95,0
1760,573,Spain,Male,23,2,40889.67,1,1,0,15520.03,1
1761,386,Spain,Male,51,8,68082.31,2,0,0,136369.99,0
1762,617,France,Female,18,1,102116.15,2,1,1,132966.15,0
1763,718,France,Female,27,1,123025.83,3,1,0,33129.56,0
1764,532,Spain,Male,38,6,182121.14,4,0,1,152133.41,0
1765,362,France,Male,22,9,101970.8,1,1,0,36313.63,0
1766,628,Germany,Male,19,3,100255.13,1,0,1,61199.85,0
1767,566,Germany,Male,39,9,10048.6,4,0,1,52326.07,0
1768,704,France,Male,65,7,6982.31,1,1,0,73292.21,0
1769,710,Germany,Female,74,8,110231.99,4,1,0,53292.84,0
1770,635,France,Male,19,6,87635.72,2,0,1,93121.66,0
1771,622,Spain,Female,27,4,167836.08,4,0,1,79259.34,1
1772,718,Spain,Male,51,7,32135.92,1,0,1,177716.81,0
1773,411,Germany,Female,33,3,4994.33,4,1,0,19507.48,0
1774,433,France,Female,65,1,89807.75,3,0,0,34170.83,0
1775,717,France,Female,68,10,47495.71,2,0,0,18980.4,0
1776,566,Germany,Female,78,5,9922.87,2,0,0,116393.0,1
1777,691,Spain,Female,56,8,144919.66,4,1,1,19266.58,0
1778,746,Germany,Female,39,0,22318.6,1,0,1,152194.76,0
1779,536,Spain,Male,29,10,121663.9,3,1,1,97029.57,0
1780,368,France,Female,41,9,56209.95,2,1,1,99591.3,0
1781,526,Spain,Male,64,6,34699.21,2,0,0,105471.07,1
1782,449,Germany,Female,57,9,75950.3,1,1,1,39038.33,1
1783,745,France,Female,55,8,160289.16,1,0,1,43607.35,0
1784,794,Germany,Male,77,9,78418.72,3,1,0,64198.94,0
1785,582,Germany,Female,76,8,150153.93,4,1,0,110894.39,0
1786,752,Spain,Male,27,9,25097.26,1,0,1,45720.02,0
1787,425,Germany,Male,52,10,154554.28,4,0,0,29776.39,1
1788,614,Spain,Male,68,2,47386.66,3,0,1,174919.87,1
1789,804,France,Male,66,10,135478.63,4,1,0,13736.91,0
1790,633,Spain,Female,49,4,113156.31,2,1,0,146458.56,1
1791,555,France,Female,24,7,185828.94,4,0,1,143965.98,0
1792,572,Spain,Male,38,7,77464.5,3,0,0,60526.4,0
1793,733,Germany,Female,37,3,13233.04,3,1,1,33056.52,0
1794,401,Spain,Female,43,10,3831.1,3,1,0,34756.87,0
1795,688,Spain,Male,21,10,165371.71,4,1,0,128563.37,0
1796,716,France,Female,63,0,104947.13,2,0,0,119277.12,0
1797,493,Germany,Male,69,0,155048.81,1,1,0,143066.76,0
1798,722,Spain,Male,39,3,46885.12,2,0,0,169371.8,0
1799,418,Germany,Female,32,5,69016.75,4,1,1,127627.65,1
1800,448,Spain,Female,73,7,6020.77,4,1,0,36494.76,0
1801,745,Spain,Female,57,5,192298.46,1,0,1,51385.24,0
1802,374,Germany,Male,38,8,133573.58,4,0,0,153172.93,1
1803,785,Spain,Male,32,8,186641.02,3,0,1,45582.03,1
1804,728,Germany,Female,39,1,53099.28,3,1,0,22328.79,1
1805,818,Spain,Female,69,9,122292.72,3,1,1,129557.61,0
1806,833,France,Female,45,0,135699.99,3,1,1,78429.48,0
1807,402,Germany,Female,31,1,63509.94,3,0,0,166406.81,0
1808,500,Spain,Male,44,4,169621.85,4,1,0,120543.36,0
1809,493,Spain,Female,78,3,189432.29,1,0,0,25371.23,1
1810,406,France,Male,58,3,176971.02,1,0,1,171135.62,0
1811,388,Germany,Male,57,8,147813.4,3,0,1,53954.73,0
1812,458,Spain,Female,75,10,55492.94,4,1,0,67326.12,0
1813,530,France,Female,45,7,56323.21,2,1,0,78384.27,0
1814,391,Spain,Female,43,5,192672.06,2,0,1,18708.13,1
1815,535,Germany,Male,66,0,2056.9,4,1,1,94407.62,0
1816,772,Spain,Female,19,1,143209.99,3,0,0,30964.14,0
1817,747,Spain,Female,42,5,141249.23,1,0,1,78164.96,0
1818,572,Spain,Male,73,10,124537.91,4,1,0,69620.66,0
1819,471,Spain,Female,79,1,198021.77,2,0,0,141382.81,0
1820,482,France,Male,20,9,62375.89,2,0,0,146538.99,0
1821,512,France,Female,25,4,67994.37,2,1,1,36080.19,0
1822,564,Germany,Male,61,4,15787.88,3,0,1,72313.7,0
1823,570,France,Female,50,5,88559.63,2,0,1,73470.04,1
1824,584,France,Female,59,5,52209.71,4,0,1,35739.78,1
1825,680,Germany,Male,69,5,68677.34,4,0,0,145737.1,1
1826,495,France,Male,52,1,166914.36,2,0,1,130228.82,0
1827,588,France,Female,23,9,187096.9,4,0,0,42364.9,0
1828,425,Germany,Male,56,2,37146.61,2,0,0,72342.72,0
1829,358,Germany,Male,69,5,74501.79,2,1,0,27986.85,1
1830,423,Germany,Male,40,7,185726.11,1,1,1,116795.12,1
1831,791,Spain,Male,42,10,12361.69,3,0,0,30633.23,1
1832,841,Spain,Female,76,0,18472.11,3,0,0,177608.81,0
1833,750,Germany,Female,67,0,32558.2,1,1,1,142715.95,1
1834,602,Germany,Male,60,10,119042.57,1,1,0,76340.55,0
1835,579,Germany,Male,36,1,30094.45,3,1,1,108355.87,0
1836,356,Spain,Male,22,10,193615.28,2,1,1,164928.11,0
1837,523,Spain,Male,68,5,89342.91,2,1,1,104196.88,0
1838,490,France,Female,28,8,100303.59,3,0,0,39664.74,0
1839,517,France,Female,73,3,49331.72,2,1,1,74379.57,0
1840,519,Germany,Male,29,2,94192.05,1,1,1,153334.63,0
1841,742,Spain,Male,27,7,132382.73,2,1,1,119516.21,0
1842,783,Spain,Male,25,10,150235.43,2,0,1,120623.15,1
1843,632,Spain,Female,41,9,150773.62,4,0,0,157359.65,0
1844,471,Germany,Male,77,8,115578.22,4,0,1,161975.42,0
1845,543,France,Female,45,10,180871.95,4,0,0,166364.74,1
1846,354,Germany,Male,58,4,163481.57,2,0,1,26124.36,1
1847,378,France,Female,53,8,151409.62,3,0,0,102501.42,0
1848,514,France,Male,54,1,11121.1,1,1,1,135886.62,0
1849,771,Germany,Female,38,2,1375.59,2,0,0,138677.56,0
1850,688,France,Male,25,6,42489.46,3,0,1,113141.75,0
1851,485,France,Male,72,6,132704.72,2,1,0,38353.85,0
1852,845,Spain,Male,26,5,82239.5,1,0,0,145561.49,1
1853,714,France,Female,64,5,80481.25,2,1,0,132418.93,0
1854,670,Germany,Male,32,1,176917.38,1,1,1,24643.08,1
1855,691,Germany,Female,65,9,179112.57,2,0,0,88847.67,1
1856,849,France,Female,63,5,181835.05,1,1,0,39576.16,1
1857,494,Spain,Male,57,3,62775.62,2,1,0,67371.1,0
1858,676,Spain,Male,35,2,138211.16,1,1,0,13073.79,1
1859,566,France,Male,59,10,54326.64,4,1,1,78056.08,0
1860,650,France,Female,77,1,38121.97,2,0,0,103479.08,0
1861,481,Germany,Male,37,0,36926.49,2,1,0,115329.04,0
1862,641,France,Female,23,10,68421.52,3,0,0,122793.36,0
1863,419,Spain,Female,29,10,85991.52,3,1,1,152169.52,0
1864,601,France,Male,19,4,166189.83,1,1,0,46628.69,0
1865,764,Germany,Male,24,1,23978.22,2,1,0,30481.91,0
1866,624,Germany,Male,33,1,146985.17,1,0,0,154761.32,0
1867,794,Germany,Male,20,6,106290.98,4,0,0,36624.18,0
1868,713,Germany,Male,62,7,57589.07,3,0,1,175709.21,0
1869,531,Germany,Male,20,9,98563.92,1,1,0,153231.5,1
1870,516,France,Female,44,7,59988.41,1,1,0,95149.02,0
1871,440,France,Female,67,3,119216.39,3,1,1,176841.64,0
1872,551,France,Female,60,0,86768.78,2,1,1,26554.04,0
1873,695,France,Male,57,10,32881.11,1,0,1,61521.18,0
1874,368,Germany,Female,55,6,23316.61,3,1,0,118498.15,0
1875,388,Spain,Female,50,0,109339.14,2,0,1,69501.17,0
1876,475,France,Female,45,10,180482.61,4,1,0,167823.33,1
1877,800,Spain,Female,18,3,68791.54,3,0,1,21156.43,0
1878,522,France,Female,72,7,146600.02,1,0,0,103400.01,0
1879,490,France,Male,25,1,131732.27,4,1,1,110447.27,0
1880,591,Spain,Male,54,5,186310.98,2,1,0,120963.78,1
1881,569,Germany,Female,49,5,164196.2,2,0,1,53463.26,0
1882,475,France,Female,77,8,113321.05,3,1,0,71976.29,0
1883,407,France,Female,65,4,131406.1,3,1,0,153425.69,1
1884,497,France,Male,60,9,179677.29,3,0,0,43140.27,0
1885,825,Spain,Male,54,3,79903.76,2,0,0,150567.53,0
1886,805,Germany,Female,21,4,65358.94,4,0,0,105651.42,0
1887,666,Spain,Male,47,9,2162.22,2,0,0,139571.88,0
1888,732,Spain,Male,23,10,165310.21,1,1,0,131313.25,0
1889,710,Germany,Female,63,4,160196.14,2,0,0,45276.95,0
1890,772,Spain,Male,71,7,20890.9,1,0,1,106698.17,0
1891,350,Germany,Male,36,9,115371.48,4,0,0,157512.94,0
1892,736,France,Female,49,7,92796.34,3,1,0,83459.76,0
1893,810,Germany,Male,26,1,23741.82,3,0,1,174320.43,1
1894,697,France,Male,29,6,196113.65,2,1,0,86876.57,1
1895,539,Spain,Female,28,7,42939.18,3,0,1,34273.56,0
1896,540,Spain,Male,63,10,13446.84,4,0,0,76203.9,0
1897,718,France,Male,72,5,118969.48,3,1,1,171789.41,0
1898,758,Spain,Female,33,4,147773.34,2,0,1,64352.54,0
1899,661,Germany,Female,18,10,6488.69,4,0,0,157576.69,0
1900,766,France,Female,62,8,131743.53,1,1,1,159812.62,1
1901,771,Spain,Male,72,2,106458.38,2,0,0,69531.71,0
1902,466,France,Female,70,9,20653.0,1,0,0,24153.8,0
1903,483,Germany,Male,38,3,34504.78,4,0,0,133174.84,0
1904,407,Germany,Female,47,8,113594.86,2,0,0,62957.09,0
1905,393,Spain,Male,30,5,59271.52,2,1,1,143097.01,0
1906,522,Germany,Female,51,7,187663.15,4,0,0,85251.32,0
1907,509,France,Female,21,6,163748.05,3,1,1,92495.35,0
1908,522,Germany,Female,45,10,196713.44,2,0,1,142244.6,1
1909,666,France,Female,55,1,51934.17,2,1,0,75001.77,0
1910,652,France,Male,75,2,193944.73,1,0,0,85331.65,1
1911,498,Germany,Female,48,0,86246.77,3,1,0,73952.38,1
1912,429,Spain,Female,76,8,69503.76,1,0,0,72447.89,0
1913,723,Germany,Male,72,6,10069.91,1,1,1,99410.92,1
1914,562,France,Female,44,0,10553.05,3,1,0,147495.91,0
1915,552,France,Male,22,2,138402.25,3,0,1,71500.61,1
1916,601,Germany,Female,42,3,91585.8,4,1,0,99123.3,0
1917,578,Spain,Female,20,3,45304.33,3,0,0,124023.65,0
1918,513,Spain,Female,50,4,122794.06,2,0,0,55804.71,0
1919,576,France,Male,21,2,50571.62,3,0,0,57178.88,0
1920,496,France,Female,42,2,115526.35,4,0,1,168680.23,1
1921,369,Spain,Female,37,0,71841.75,4,0,1,133000.88,0
1922,790,Germany,Female,51,6,164710.45,4,1,0,108121.73,0
1923,751,France,Male,43,10,164139.23,3,0,1,120112.41,0
1924,396,France,Male,79,9,95470.08,3,0,1,14980.91,1
1925,582,Spain,Female,79,0,70163.82,1,0,0,115077.5,0
1926,654,Germany,Male,22,1,72511.96,1,0,0,96616.51,0
1927,363,Spain,Female,52,3,161142.91,2,0,1,102777.45,0
1928,492,Germany,Female,78,3,65635.9,1,0,1,71102.05,0
1929,764,Germany,Female,45,4,41811.87,2,1,1,23850.56,0
1930,350,Germany,Female,46,10,16937.67,4,1,1,42867.67,0
1931,722,France,Female,26,1,93338.62,1,0,0,171626.6,0
1932,403,Spain,Female,69,3,96426.42,3,1,0,79478.93,0
1933,723,Spain,Female,55,0,168181.74,1,0,1,89336.14,0
1934,608,Germany,Male,67,1,44247.74,2,0,0,18960.66,0
1935,493,France,Male,23,0,76198.25,1,0,1,16386.26,0
1936,820,France,Male,36,9,161681.15,4,0,1,131920.85,1
1937,790,Spain,Male,77,9,164724.72,3,0,0,101476.09,1
1938,808,France,Male,61,3,76922.22,2,1,1,96480.02,0
1939,361,France,Male,74,3,91824.8,3,1,1,51331.17,0
1940,679,Germany,Male,28,6,60657.18,3,1,0,136607.62,0
1941,573,France,Female,19,9,186510.98,2,1,0,38600.22,0
1942,621,Germany,Female,64,10,23728.75,3,0,1,42288.91,0
1943,805,Spain,Female,61,10,186749.88,3,1,1,88321.07,0
1944,707,France,Female,61,8,136773.29,1,0,0,58667.58,0
1945,809,Spain,Male,26,8,106314.43,3,1,1,52068.71,1
1946,757,Spain,Male,38,4,6531.81,3,1,1,119690.4,0
1947,505,France,Female,41,9,95119.24,3,1,0,120665.2,0
1948,722,France,Female,51,0,81549.62,3,1,0,150167.9,0
1949,357,Spain,Male,39,0,32243.76,2,0,0,81010.46,0
1950,471,France,Female,20,5,131281.92,4,1,0,22424.47,0
1951,697,Germany,Female,29,1,194230.18,1,1,0,56523.29,0
1952,513,Germany,Female,45,7,112437.76,3,0,0,176600.93,0
1953,439,France,Female,47,8,142950.66,3,0,1,111363.96,0
1954,485,Spain,Male,43,3,13690.09,2,1,1,130655.3,1
1955,535,France,Female,65,4,83533.4,4,0,0,11250.83,0
1956,665,France,Female,38,10,23271.7,3,0,0,98094.97,0
1957,527,Spain,Male,45,7,122559.17,2,0,1,16379.87,0
1958,377,Spain,Male,73,2,187696.43,1,1,1,106769.14,0
1959,569,Germany,Female,43,4,132355.55,1,0,1,166531.04,0
1960,706,Spain,Male,79,2,15360.61,3,1,0,174631.25,1
1961,390,Germany,Female,50,9,70933.24,3,1,0,101893.95,1
1962,577,Spain,Female,38,2,110132.68,4,1,1,87894.82,1
1963,541,France,Male,52,2,80641.55,4,1,0,170652.91,0
1964,760,Germany,Female,69,6,166728.8,3,0,0,124513.67,1
1965,796,Germany,Female,51,6,162934.2,2,1,0,21032.88,0
1966,494,Germany,Female,58,6,122366.2,4,0,1,89173.35,0
1967,550,France,Female,68,9,74691.59,3,1,1,50841.65,0
1968,766,France,Male,64,7,51067.27,4,0,0,89866.73,1
1969,561,France,Male,35,4,21174.86,3,1,0,87429.15,0
1970,810,France,Female,75,4,70979.54,1,0,0,108964.62,0
1971,569,France,Male,28,3,82634.5,3,1,0,70650.98,0
1972,589,Germany,Female,74,6,135164.59,1,1,0,37925.98,0
1973,762,France,Female,40,9,131631.96,4,0,1,95632.3,0
1974,746,Germany,Female,65,3,14021.63,3,1,0,151134.49,1
1975,395,France,Female,39,1,79051.86,4,1,0,122882.08,0
1976,384,Spain,Female,34,3,36355.77,1,1,0,67522.54,0
1977,602,Germany,Male,22,7,31362.54,3,0,1,169038.91,0
1978,739,Spain,Female,61,8,165460.43,4,1,1,165075.29,0
1979,431,Germany,Male,28,2,8383.04,1,1,0,45589.23,0
1980,720,Spain,Male,47,6,83836.58,4,0,1,16700.99,0
1981,605,France,Female,32,8,33640.73,2,0,1,136022.48,0
1982,546,France,Female,44,10,175866.04,1,0,1,150693.74,0
1983,652,France,Female,52,3,111408.1,1,0,1,174536.98,0
1984,758,Germany,Female,50,9,46276.13,1,0,1,161272.19,0
1985,799,Spain,Female,37,2,100485.46,3,1,1,112090.91,0
1986,359,France,Male,78,4,146297.27,3,1,0,100108.9,0
1987,661,Spain,Female,33,0,191623.6,3,1,1,14732.98,1
1988,635,Spain,Female,51,2,44089.2,2,0,1,51931.6,0
1989,591,France,Male,19,7,177236.35,2,1,0,88134.51,0
1990,600,France,Male,52,10,186860.82,1,0,0,116845.66,0
1991,714,Spain,Female,57,7,183284.11,2,0,0,104732.81,0
1992,354,France,Male,73,3,127082.87,4,1,0,136248.12,1
1993,468,France,Female,45,1,125964.13,1,0,1,57560.38,0
1994,638,France,Male,64,7,80642.13,1,0,1,106041.94,0
1995,723,Germany,Male,56,7,150479.58,4,1,1,24984.18,0
1996,414,Spain,Female,23,9,106258.8,1,0,1,80323.14,0
1997,495,Spain,Male,26,3,135487.61,2,0,0,137527.34,1
1998,573,Germany,Male,37,2,85691.58,3,1,1,127878.15,0
1999,588,Spain,Male,77,1,146299.29,4,0,1,178409.27,0
